Batch_ID,Stage,Start_Time_Min,End_Time_Min,Duration_Min
Хлеб «Бородинский»_batch_1,Комбинирование,0,21,21
Хлеб «Бородинский»_batch_3,Комбинирование,0,21,21
Хлеб «Бородинский»_batch_1,Смешивание,21,31,10
Хлеб «Бородинский»_batch_2,Комбинирование,21,42,21
Хлеб «Бородинский»_batch_3,Смешивание,21,31,10
Хлеб «Бородинский»_batch_4,Комбинирование,21,42,21
Хлеб «Бородинский»_batch_1,Формовка,31,42,11
Хлеб «Бородинский»_batch_3,Формовка,31,42,11
Хлеб «Бородинский»_batch_1,Расстойка,42,62,20
Хлеб «Бородинский»_batch_2,Смешивание,42,52,10
Хлеб «Бородинский»_batch_3,Расстойка,42,62,20
Хлеб «Бородинский»_batch_4,Смешивание,42,52,10
Хлеб «Мини Формовой»_batch_1,Комбинирование,42,63,21
Хлеб «Формовой»_batch_5,Комбинирование,42,63,21
Хлеб «Бородинский»_batch_2,Формовка,52,63,11
Хлеб «Бородинский»_batch_4,Формовка,52,63,11
Хлеб «Бородинский»_batch_1,Выпекание,62,117,55
Хлеб «Бородинский»_batch_3,Выпекание,62,117,55
Хлеб «Бородинский»_batch_2,Расстойка,63,83,20
Хлеб «Бородинский»_batch_4,Расстойка,63,83,20
Хлеб «Мини Формовой»_batch_1,Смешивание,63,75,12
Хлеб «Формовой»_batch_1,Комбинирование,63,84,21
Хлеб «Формовой»_batch_2,Комбинирование,63,84,21
Хлеб «Формовой»_batch_5,Смешивание,63,75,12
Хлеб «Мини Формовой»_batch_1,Формовка,75,86,11
Хлеб «Формовой»_batch_5,Формовка,75,86,11
Хлеб «Бородинский»_batch_2,Выпекание,83,138,55
Хлеб «Бородинский»_batch_4,Выпекание,83,138,55
Хлеб «Формовой»_batch_1,Смешивание,84,96,12
Хлеб «Формовой»_batch_2,Смешивание,84,96,12
Хлеб «Формовой»_batch_3,Комбинирование,84,105,21
Хлеб «Формовой»_batch_4,Комбинирование,84,105,21
Хлеб «Мини Формовой»_batch_1,Расстойка,86,111,25
Хлеб «Формовой»_batch_5,Расстойка,86,111,25
Хлеб «Формовой»_batch_1,Формовка,96,107,11
Хлеб «Формовой»_batch_2,Формовка,96,107,11
Хлеб «Диетический»_batch_1,Комбинирование,105,121,16
Хлеб «Мини Формовой»_batch_2,Комбинирование,105,126,21
Хлеб «Формовой»_batch_3,Смешивание,105,117,12
Хлеб «Формовой»_batch_4,Смешивание,105,117,12
Хлеб «Формовой»_batch_1,Расстойка,107,132,25
Хлеб «Формовой»_batch_2,Расстойка,107,132,25
Хлеб «Мини Формовой»_batch_1,Выпекание,111,156,45
Хлеб «Формовой»_batch_5,Выпекание,111,156,45
Хлеб «Бородинский»_batch_1,Остывание,117,237,120
Хлеб «Бородинский»_batch_3,Остывание,117,237,120
Хлеб «Формовой»_batch_3,Формовка,117,128,11
Хлеб «Формовой»_batch_4,Формовка,117,128,11
Хлеб «Бородинский»_batch_5,Комбинирование,121,124,3
Хлеб «Диетический»_batch_1,Смешивание,121,131,10
Хлеб «Бородинский»_batch_5,Смешивание,124,134,10
Хлеб Ржаной_batch_1,Комбинирование,124,145,21
Хлеб «Мини Формовой»_batch_2,Смешивание,126,138,12
Хлеб «Мини Формовой»_batch_3,Комбинирование,126,131,5
Хлеб «Формовой»_batch_3,Расстойка,128,153,25
Хлеб «Формовой»_batch_4,Расстойка,128,153,25
Хлеб «Диетический»_batch_1,Формовка,131,140,9
Хлеб «Мини Формовой»_batch_3,Смешивание,131,143,12
Хлеб Ржаной_batch_2,Комбинирование,131,142,11
Хлеб «Формовой»_batch_1,Выпекание,132,177,45
Хлеб «Формовой»_batch_2,Выпекание,132,177,45
Хлеб «Бородинский»_batch_5,Формовка,134,136,2
Хлеб «Бородинский»_batch_5,Расстойка,136,156,20
Хлеб «Бородинский»_batch_2,Остывание,138,258,120
Хлеб «Бородинский»_batch_4,Остывание,138,258,120
Хлеб «Мини Формовой»_batch_2,Формовка,138,149,11
Хлеб «Диетический»_batch_1,Расстойка,140,178,38
Хлеб Ржаной_batch_2,Смешивание,142,152,10
Чиабатта_batch_1,Комбинирование,142,161,19
Хлеб «Мини Формовой»_batch_3,Формовка,143,146,3
"Багет ""Премиум""_batch_1",Комбинирование,145,157,12
Хлеб Ржаной_batch_1,Смешивание,145,155,10
Хлеб «Мини Формовой»_batch_3,Расстойка,146,171,25
Хлеб «Мини Формовой»_batch_2,Расстойка,149,174,25
Хлеб Ржаной_batch_2,Формовка,152,158,6
Хлеб «Формовой»_batch_3,Выпекание,153,198,45
Хлеб «Формовой»_batch_4,Выпекание,153,198,45
Хлеб Ржаной_batch_1,Формовка,155,166,11
Хлеб «Бородинский»_batch_5,Выпекание,156,211,55
Хлеб «Мини Формовой»_batch_1,Остывание,156,246,90
Хлеб «Формовой»_batch_5,Остывание,156,246,90
Тостовый хлеб нарезанный_batch_1,Комбинирование,157,178,21
"Багет ""Премиум""_batch_1",Смешивание,158,168,10
Тостовый хлеб нарезанный_batch_2,Комбинирование,161,182,21
Чиабатта_batch_1,Смешивание,161,171,10
Хлеб Ржаной_batch_2,Расстойка,163,193,30
Хлеб Ржаной_batch_1,Расстойка,166,196,30
"Багет ""Премиум""_batch_1",Формовка,169,176,7
Хлеб «Мини Формовой»_batch_3,Выпекание,171,216,45
Чиабатта_batch_1,Формовка,171,181,10
Хлеб «Мини Формовой»_batch_2,Выпекание,177,222,45
Хлеб «Формовой»_batch_1,Остывание,177,267,90
Хлеб «Формовой»_batch_2,Остывание,177,267,90
Тостовый хлеб нарезанный_batch_1,Смешивание,178,188,10
Хлеб «Диетический»_batch_1,Выпекание,178,213,35
Хлеб «Спорт Актив»_batch_1,Комбинирование,178,199,21
"Багет ""Премиум""_batch_1",Расстойка,181,206,25
Тостовый хлеб нарезанный_batch_2,Смешивание,182,192,10
Хлеб «Солодовый с семечками»_batch_1,Комбинирование,182,203,21
Чиабатта_batch_1,Расстойка,183,208,25
Тостовый хлеб нарезанный_batch_1,Формовка,188,199,11
Тостовый хлеб нарезанный_batch_2,Формовка,192,203,11
Хлеб «Формовой»_batch_3,Остывание,198,288,90
Хлеб «Формовой»_batch_4,Остывание,198,288,90
Хлеб Ржаной_batch_1,Выпекание,198,216,18
Хлеб Ржаной_batch_2,Выпекание,198,216,18
Батон «Нарезной»_batch_5,Комбинирование,199,220,21
Тостовый хлеб нарезанный_batch_1,Расстойка,199,224,25
Хлеб «Спорт Актив»_batch_1,Смешивание,199,209,10
Батон «Нарезной»_batch_4,Комбинирование,203,224,21
Тостовый хлеб нарезанный_batch_2,Расстойка,203,228,25
Хлеб «Солодовый с семечками»_batch_1,Смешивание,203,213,10
Хлеб «Спорт Актив»_batch_1,Формовка,209,220,11
"Багет ""Премиум""_batch_1",Выпекание,211,236,25
Хлеб «Бородинский»_batch_5,Остывание,211,331,120
Хлеб «Диетический»_batch_1,Остывание,213,303,90
Хлеб «Солодовый с семечками»_batch_1,Формовка,213,224,11
Чиабатта_batch_1,Выпекание,213,238,25
Хлеб «Мини Формовой»_batch_3,Остывание,216,306,90
Хлеб Ржаной_batch_1,Остывание,216,306,90
Хлеб Ржаной_batch_2,Остывание,216,306,90
Батон «Нарезной»_batch_5,Смешивание,220,230,10
"Хлеб «Любимый», «Детский»_batch_1",Комбинирование,220,241,21
Хлеб «Спорт Актив»_batch_1,Расстойка,220,245,25
Хлеб «Мини Формовой»_batch_2,Остывание,222,312,90
Батон «Нарезной»_batch_2,Комбинирование,224,245,21
Батон «Нарезной»_batch_4,Смешивание,224,234,10
Тостовый хлеб нарезанный_batch_1,Выпекание,224,246,22
Хлеб «Солодовый с семечками»_batch_1,Расстойка,224,249,25
Тостовый хлеб нарезанный_batch_2,Выпекание,228,250,22
Батон «Нарезной»_batch_5,Формовка,230,241,11
Батон «Нарезной»_batch_4,Формовка,234,245,11
"Багет ""Премиум""_batch_1",Остывание,236,311,75
Чиабатта_batch_1,Остывание,238,313,75
Батон «Нарезной»_batch_5,Расстойка,241,266,25
Батон «Нарезной»_batch_6,Комбинирование,241,262,21
"Хлеб «Любимый», «Детский»_batch_1",Смешивание,241,251,10
Батон «Нарезной»_batch_2,Смешивание,245,255,10
Батон «Нарезной»_batch_4,Расстойка,245,270,25
Хлеб «Семейный»_batch_1,Комбинирование,245,266,21
Хлеб «Спорт Актив»_batch_1,Выпекание,245,263,18
Тостовый хлеб нарезанный_batch_1,Остывание,246,306,60
Хлеб «Солодовый с семечками»_batch_1,Выпекание,249,267,18
Тостовый хлеб нарезанный_batch_2,Остывание,250,310,60
"Хлеб «Любимый», «Детский»_batch_1",Формовка,251,262,11
Батон «Нарезной»_batch_2,Формовка,255,266,11
Батон «Нарезной»_batch_1,Комбинирование,262,283,21
Батон «Нарезной»_batch_6,Смешивание,262,272,10
"Хлеб «Любимый», «Детский»_batch_1",Расстойка,262,287,25
Хлеб «Спорт Актив»_batch_1,Остывание,263,323,60
Батон «Нарезной»_batch_2,Расстойка,266,291,25
Батон «Нарезной»_batch_3,Комбинирование,266,287,21
Батон «Нарезной»_batch_5,Выпекание,266,283,17
Хлеб «Семейный»_batch_1,Смешивание,266,276,10
Хлеб «Солодовый с семечками»_batch_1,Остывание,267,327,60
Батон «Нарезной»_batch_4,Выпекание,270,287,17
Батон «Нарезной»_batch_6,Формовка,272,283,11
Хлеб «Семейный»_batch_1,Формовка,276,287,11
Батон «Нарезной»_batch_1,Смешивание,283,293,10
Батон «Нарезной»_batch_5,Остывание,283,343,60
Батон «Нарезной»_batch_6,Расстойка,283,308,25
Плетенка с посыпкой (мак/кунжут)_batch_1,Комбинирование,283,303,20
Батон «Нарезной»_batch_3,Смешивание,287,297,10
Батон «Нарезной»_batch_4,Остывание,287,347,60
Кукурузный хлеб_batch_1,Комбинирование,287,305,18
"Хлеб «Любимый», «Детский»_batch_1",Выпекание,287,304,17
Хлеб «Семейный»_batch_1,Расстойка,287,312,25
Батон «Нарезной»_batch_2,Выпекание,291,308,17
Батон «Нарезной»_batch_1,Формовка,293,304,11
Батон «Нарезной»_batch_3,Формовка,297,308,11
Плетенка с посыпкой (мак/кунжут)_batch_1,Смешивание,303,313,10
"Хлеб «Любимый», «Детский»_batch_2",Комбинирование,303,320,17
Батон «Нарезной»_batch_1,Расстойка,304,329,25
"Хлеб «Любимый», «Детский»_batch_1",Остывание,304,364,60
Кукурузный хлеб_batch_1,Смешивание,305,315,10
Панировочные сухари_batch_1,Комбинирование,305,311,6
Батон «Нарезной»_batch_2,Остывание,308,368,60
Батон «Нарезной»_batch_3,Расстойка,308,333,25
Батон «Нарезной»_batch_6,Выпекание,308,325,17
Панировочные сухари_batch_1,Смешивание,311,321,10
Тостовый хлеб нарезанный_batch_3,Комбинирование,311,322,11
Хлеб «Семейный»_batch_1,Выпекание,312,329,17
Плетенка с посыпкой (мак/кунжут)_batch_1,Формовка,313,324,11
Кукурузный хлеб_batch_1,Формовка,315,325,10
Булочка для хот-дог/гамбургера (World class)_batch_1,Комбинирование,320,341,21
"Хлеб «Любимый», «Детский»_batch_2",Смешивание,320,330,10
Панировочные сухари_batch_1,Выпекание,321,361,40
Тостовый хлеб нарезанный_batch_3,Смешивание,322,332,10
Хлеб «Семейный»_batch_2,Комбинирование,322,327,5
Плетенка с посыпкой (мак/кунжут)_batch_1,Расстойка,324,349,25
Батон «Нарезной»_batch_6,Остывание,325,385,60
Кукурузный хлеб_batch_1,Расстойка,325,350,25
Булочка для хот-дог/гамбургера (World class)_batch_3,Комбинирование,327,348,21
Хлеб «Семейный»_batch_2,Смешивание,327,337,10
Батон «Нарезной»_batch_1,Выпекание,329,346,17
Хлеб «Семейный»_batch_1,Остывание,329,389,60
"Хлеб «Любимый», «Детский»_batch_2",Формовка,330,339,9
Тостовый хлеб нарезанный_batch_3,Формовка,332,338,6
Батон «Нарезной»_batch_3,Выпекание,333,350,17
Тостовый хлеб нарезанный_batch_3,Расстойка,338,363,25
Хлеб «Семейный»_batch_2,Формовка,338,341,3
"Хлеб «Любимый», «Детский»_batch_2",Расстойка,339,364,25
Булочка для хот-дог/гамбургера (World class)_batch_1,Смешивание,341,351,10
Хлеб «Семейный»_batch_2,Расстойка,341,366,25
Хлеб «Солодовый с семечками»_batch_2,Комбинирование,341,344,3
Булочка для хот-дог/гамбургера (World class)_batch_2,Комбинирование,344,365,21
Хлеб «Солодовый с семечками»_batch_2,Смешивание,344,354,10
Батон «Нарезной»_batch_1,Остывание,346,406,60
Булочка для хот-дог/гамбургера (World class)_batch_3,Смешивание,348,358,10
Хлеб «Спорт Актив»_batch_2,Комбинирование,348,350,2
Плетенка с посыпкой (мак/кунжут)_batch_1,Выпекание,349,366,17
Батон «Нарезной»_batch_3,Остывание,350,410,60
Кукурузный хлеб_batch_1,Выпекание,350,367,17
Сэндвич Панини / Сэндвич Панини с кунжутом_batch_1,Комбинирование,350,367,17
Булочка для хот-дог/гамбургера (World class)_batch_1,Формовка,351,362,11
Хлеб «Спорт Актив»_batch_2,Смешивание,351,361,10
Хлеб «Солодовый с семечками»_batch_2,Формовка,354,356,2
Хлеб «Солодовый с семечками»_batch_2,Расстойка,356,381,25
Булочка для хот-дог/гамбургера (World class)_batch_3,Формовка,358,369,11
Панировочные сухари_batch_1,Остывание,361,441,80
Булочка для хот-дог/гамбургера (World class)_batch_1,Расстойка,362,387,25
Хлеб «Спорт Актив»_batch_2,Формовка,362,363,1
Тостовый хлеб нарезанный_batch_3,Выпекание,363,385,22
Хлеб «Спорт Актив»_batch_2,Расстойка,363,388,25
"Хлеб «Любимый», «Детский»_batch_2",Выпекание,364,381,17
Багет с луком_batch_1,Комбинирование,365,378,13
Булочка для хот-дог/гамбургера (World class)_batch_2,Смешивание,365,375,10
Плетенка с посыпкой (мак/кунжут)_batch_1,Остывание,366,426,60
Хлеб «Семейный»_batch_2,Выпекание,366,383,17
Кукурузный хлеб_batch_1,Остывание,367,427,60
Лепешка с сыром и луком_batch_1,Комбинирование,367,388,21
Сэндвич Панини / Сэндвич Панини с кунжутом_batch_1,Смешивание,367,377,10
Булочка для хот-дог/гамбургера (World class)_batch_3,Расстойка,369,394,25
Булочка для хот-дог/гамбургера (World class)_batch_2,Формовка,375,386,11
Сэндвич Панини / Сэндвич Панини с кунжутом_batch_1,Формовка,377,386,9
Багет с луком_batch_1,Смешивание,378,388,10
Лепешка с сыром и луком_batch_2,Комбинирование,378,385,7
"Хлеб «Любимый», «Детский»_batch_2",Остывание,381,441,60
Хлеб «Солодовый с семечками»_batch_2,Выпекание,381,399,18
Хлеб «Семейный»_batch_2,Остывание,383,443,60
Лепешка с сыром и луком_batch_2,Смешивание,385,395,10
Тостовый хлеб нарезанный_batch_3,Остывание,385,445,60
Булочка для хот-дог/гамбургера (World class)_batch_2,Расстойка,386,411,25
Сэндвич Панини / Сэндвич Панини с кунжутом_batch_1,Расстойка,386,411,25
Булочка для хот-дог/гамбургера (World class)_batch_1,Выпекание,387,409,22
Багет с луком_batch_1,Формовка,388,395,7
Лепешка с сыром и луком_batch_1,Смешивание,388,398,10
Хлеб «Спорт Актив»_batch_2,Выпекание,388,406,18
Булочка для хот-дог/гамбургера (World class)_batch_3,Выпекание,394,416,22
Багет с луком_batch_1,Расстойка,395,415,20
Лепешка с сыром и луком_batch_2,Формовка,395,399,4
Лепешка с сыром и луком_batch_1,Формовка,398,409,11
Лепешка с сыром и луком_batch_2,Расстойка,399,419,20
Хлеб «Солодовый с семечками»_batch_2,Остывание,399,459,60
Хлеб «Спорт Актив»_batch_2,Остывание,406,466,60
Булочка для хот-дог/гамбургера (World class)_batch_1,Остывание,409,454,45
Лепешка с сыром и луком_batch_1,Расстойка,409,429,20
Булочка для хот-дог/гамбургера (World class)_batch_2,Выпекание,411,433,22
Сэндвич Панини / Сэндвич Панини с кунжутом_batch_1,Выпекание,411,433,22
Багет с луком_batch_1,Выпекание,415,433,18
Булочка для хот-дог/гамбургера (World class)_batch_3,Остывание,416,461,45
Лепешка с сыром и луком_batch_2,Выпекание,419,434,15
Лепешка с сыром и луком_batch_1,Выпекание,429,444,15
Багет с луком_batch_1,Остывание,433,478,45
Булочка для хот-дог/гамбургера (World class)_batch_2,Остывание,433,478,45
Сэндвич Панини / Сэндвич Панини с кунжутом_batch_1,Остывание,433,478,45
Лепешка с сыром и луком_batch_2,Остывание,434,464,30
Лепешка с сыром и луком_batch_1,Остывание,444,474,30
